Region,Stubble,Bare Earth,Brassicas
England,11.65048544,85.4368932,2.912621359
North East,11.65048544,85.4368932,2.912621359
North West,11.65048544,85.4368932,2.912621359
Yorkshire & the Humber,11.65048544,85.4368932,2.912621359
East Midlands,11.65048544,85.4368932,2.912621359
West Midlands,11.65048544,85.4368932,2.912621359
East of England,11.65048544,85.4368932,2.912621359
South East,11.65048544,85.4368932,2.912621359
South West,11.65048544,85.4368932,2.912621359
